cell_id,cycle_index,raw_cycle_idx,ambient_temperature,capacity,soh,v_start,v_end,v_min,v_mean,v_std,i_mean,t_start,t_max,t_mean,t_rise,discharge_duration,energy_discharged,eol_threshold,eol_cycle,rul_true,capacity_diff,is_regeneration,degradation_rate
B0038,1,1,24.0,0.8980573709676724,44.902868548383616,4.053116638334503,2.1981645845929387,2.1981645845929387,2.883239659655731,0.270159849712368,3.952127452371893,25.045828878659496,51.693778100060996,38.8265055747093,26.6479492214015,982.938,3.1012193399700205,1.4,1,0,0.0,0,0.025788097693525792
B0038,2,5,24.0,1.1026236331914077,55.13118165957038,4.185045742756273,3.739176144590141,2.173538006790758,3.1713316750997853,0.390208836903272,2.99722690705762,26.196493190799377,51.136880141242045,40.49651673815248,24.94038695044267,1489.953,3.688031305636979,1.4,1,0,0.2045662622237353,1,0.025788097693525792
B0038,3,7,24.0,1.0885801879473431,54.42900939736715,4.18694152805074,3.74565835268959,2.191128315273502,3.1803732612872655,0.39163720318161793,2.957884019744667,25.227701500387003,51.3517572303697,40.3082686076966,26.124055729982697,1479.703,3.6161268970264557,1.4,1,0,-0.014043445244064534,0,0.025788097693525792
B0038,4,9,24.0,1.0613249847591086,53.06624923795543,4.187310082648276,3.754866896209215,2.1749283790642226,3.2014600077361552,0.39321590334519796,2.890891500138237,25.640112774955472,49.541551118224994,39.93347404849829,23.901438343269522,1468.172,3.5144260798278486,1.4,1,0,-0.02725520318823449,0,0.025788097693525792
B0038,5,11,24.0,1.0347062057983545,51.73531028991773,4.185977695675653,3.7569330382120274,2.1623047751632316,3.2011146598082543,0.4005242417468472,2.875691989787786,25.752349228851504,49.944004344349516,39.949996492029705,24.191655115498012,1457.0,3.4647344775602655,1.4,1,0,-0.026618778960754153,0,0.025788097693525792
B0038,6,13,24.0,1.0269978594353013,51.349892971765065,4.187105297284753,3.757563391717666,2.1523889970129018,3.1928056969575156,0.40616499929378097,2.899480377067548,25.941735119508724,50.47284162905345,40.03056196708513,24.531106509544724,1437.047,3.4400242520981723,1.4,1,0,-0.007708346363053176,0,0.025788097693525792
B0038,7,17,24.0,1.0785019710989419,53.92509855494709,4.1801269499252065,3.691515898182489,2.1947161370182617,3.0561380160526412,0.3169073344240922,3.65723892716497,25.583477326453725,49.83589725328242,39.44913263410249,24.252419926828694,1170.531,3.5697916390762074,1.4,1,0,0.05150411166364055,1,-0.00482433241849316
B0038,8,21,24.0,1.0638897478802845,53.194487394014224,4.183287084495845,3.749368155853596,2.1463956973341785,3.181450544509047,0.3939377338575549,2.967468445105371,25.519767465182188,50.058224679961086,40.058567746287395,24.538457214778898,1436.141,3.5259608476731006,1.4,1,0,-0.014612223218657405,0,-0.004938088013411735
B0038,9,23,24.0,1.0366551223324423,51.832756116622114,4.186120317256443,3.7557277312589634,2.1983669967426582,3.192741049083457,0.3930513054314971,2.9319888511060146,25.60075276084075,49.70254627455938,39.916070861462195,24.101793513718633,1420.172,3.4489388991899763,1.4,1,0,-0.027234625547842173,0,-0.004933972485333271
B0038,10,25,24.0,1.030941327482094,51.5470663741047,4.185843165124554,3.752340735576699,2.1858064268526136,3.167665290347624,0.40076113061554247,2.994495446145827,26.303485743705554,51.354295522888854,40.27645391572808,25.0508097791833,1397.0,3.446558267657953,1.4,1,0,-0.005713794850348286,0,-0.0007529756632520979
B0038,11,27,24.0,1.0140084541034655,50.700422705173274,4.18577643150753,3.75572124705977,2.151862863027953,3.1781927267469925,0.4038944063577585,2.9580193436340854,25.843775975618836,50.44246795838984,40.1754669430076,24.598691982771005,1393.25,3.4031485522727842,1.4,1,0,-0.016932873378628477,0,-0.002597881066367158
B0038,12,29,24.0,1.008516095994519,50.425804799725945,4.186351056855524,3.7526282593770146,2.164578187429903,3.1613474600189155,0.40660069742190136,3.001260117107958,26.26536642717303,51.33205933952721,40.41336717515726,25.06669291235418,1380.938,3.409965002168699,1.4,1,0,-0.005492358108946549,0,-0.013997175020884578
B0038,13,33,44.0,1.7419245088095903,87.09622544047951,4.177730241404494,2.544146072894049,2.180206803089782,3.608926624109929,0.2662108836921174,1.0022813853258807,29.07978656830067,49.52801806570102,44.29688064198706,20.44823149740035,6375.828,6.413867559599745,1.4,1,0,0.7334084128150713,1,0.13560695218586116
B0038,14,37,44.0,1.779741859708433,88.98709298542164,4.186047952234058,2.7548065144309724,2.1921466685430167,3.6118191487524745,0.2725590669442928,0.985523491989515,45.45025267019005,49.28701938671706,47.195451017988766,3.836766716527009,6574.671,6.532857484363489,1.4,1,0,0.03781735089884264,1,0.1486173474751981
B0038,15,39,44.0,1.7815666306452766,89.07833153226383,4.1888697784856515,2.7430478523430897,2.16658130125341,3.614149636005495,0.2708591808740772,0.9870171236405828,45.42053939905735,49.17905905171433,47.146072926598166,3.758519652656986,6571.156000000003,6.542236544524249,1.4,1,0,0.0018247709368437448,0,0.15012506063263653
B0038,16,41,44.0,1.7834859577156017,89.17429788578008,4.189402399305119,2.729451305200942,2.1366453580856253,3.6144683724527336,0.2704290047505109,0.9884125593394552,45.37067300223374,49.180910484252195,47.127641701986995,3.810237482018458,6569.11,6.5482693701997094,1.4,1,0,0.0019193270703250498,0,0.15389550072242725
B0038,17,43,44.0,1.7864411650415675,89.32205825207838,4.189680909293885,2.7474181899163344,2.1909799678189845,3.6165883435722845,0.2630497986714659,0.9883523609236716,45.33488321338891,49.05688408240341,47.09918641441624,3.7220008690144937,6558.75,6.54159431107518,1.4,1,0,0.0029552073259657696,0,0.1555850138094097
B0038,18,45,44.0,1.7859997608067948,89.29998804033974,4.190888869705268,2.740592156077783,2.166402675362294,3.6160610851845387,0.26517238502482754,0.9884509077751611,45.37150112359022,49.130320508041244,47.133209565495285,3.758819384451023,6567.516,6.550372459114254,1.4,1,0,-0.00044140423477267987,0,0.008815050399440905
B0038,19,49,44.0,1.7769523773001608,88.84761886500804,4.181002283827033,2.145739105715045,2.145739105715045,3.6257089708628913,0.24225513238004287,1.003966417823918,45.37791462670728,49.23198595690627,47.15436113022586,3.854071330198991,6430.172,6.505269525166644,1.4,1,0,-0.009047383506634032,0,-0.0005578964816544297
B0038,20,53,44.0,1.781428917321899,89.07144586609495,4.185716420658905,2.731697945279899,2.139096537674337,3.613285312724596,0.2662976941066206,0.9879674131883375,45.3907377329746,49.16417337699806,47.16342394557887,3.7734356440234578,6554.327999999994,6.529701206948877,1.4,1,0,0.00447654002173814,0,-2.7542664675550556e-05
B0038,21,55,44.0,1.7859452772697197,89.29726386348598,4.189305104838886,2.7384326313591996,2.1550256706410824,3.615119723068454,0.26424822858528424,0.9878904726854575,45.43325617987323,49.04035070342245,47.14213994735863,3.6070945235492147,6560.922,6.539024068301383,1.4,1,0,0.004516359947820847,0,0.000491863910823609
B0038,22,57,44.0,1.785208429691551,89.26042148457755,4.18986493402373,2.746400794000612,2.1776344857025127,3.6158365688729885,0.26205975032601236,0.9878187430421663,45.33971152172204,48.97912041843542,47.07812277465954,3.639408896713384,6559.047,6.537952261311548,1.4,1,0,-0.0007368475781688311,0,-0.0002465470700033112
B0038,23,59,44.0,1.783596609584544,89.17983047922719,4.18969019099711,2.747630527620357,2.1804158381574807,3.615503145763946,0.2616779337404626,0.9877368963424067,45.319344488667305,48.978872169562095,47.07326100880018,3.65952768089479,6553.781,6.531677018209842,1.4,1,0,-0.0016118201070070004,0,-0.00048063024445017534
B0038,24,61,44.0,1.7796783152744713,88.98391576372356,4.188353739927258,2.719823616034473,2.1075006723313274,3.6139392243174577,0.26609421180474707,0.9892953816503839,45.31900735151199,49.04045996790738,47.08146790123274,3.721452616395389,6540.187,6.524024762725713,1.4,1,0,-0.003918294310072623,0,0.0005451875948621066
B0038,25,65,44.0,1.7841102592788645,89.20551296394322,4.1880636486598535,2.737609337884886,2.1931517470679913,3.61791112455575,0.2555781052181191,0.9906537351245918,45.320651932078135,48.958853345028835,47.087615537529175,3.6382014129507,6535.922,6.533659658101392,1.4,1,0,0.0044319440043931735,0,0.0005362683913931132
B0038,26,67,44.0,1.7833032331592193,89.16516165796097,4.18971330698209,2.7361293707619,2.1577326042974923,3.615792342161085,0.26099628879884984,0.989093271752985,45.37139562907675,49.017772603097235,47.09422579980021,3.646376974020484,6544.078,6.529982352969588,1.4,1,0,-0.0008070261196451156,0,-0.0005284088221000794
B0038,27,69,44.0,1.7796186141356956,88.98093070678478,4.188131880621521,2.739028355835794,2.1621899189117855,3.6151540820598718,0.26039259325048403,0.9890153352338132,45.34607219062815,48.99249018111872,47.083185115341905,3.646417990490569,6531.187,6.515663243904871,1.4,1,0,-0.003684619023523794,0,-0.001117963111171072
B0038,28,71,44.0,1.7816592334352586,89.08296167176293,4.188632995029552,2.7505277338667278,2.199945094089768,3.616195897791123,0.2573635551390016,0.9888803362572581,45.33310592917303,48.94618497316047,47.06402084308688,3.6130790439874403,6528.562,6.513896458914072,1.4,1,0,0.002040619299563007,0,-0.0003874752298570705
B0038,29,73,44.0,1.7775911304124035,88.87955652062017,4.187315567169326,2.7316508139937423,2.1302151249881103,3.6135506508279374,0.2632459123283905,0.9888411357420203,45.3294590214142,49.0209427982368,47.07142767555465,3.6914837768226008,6525.187,6.506515506007616,1.4,1,0,-0.004068103022855096,0,-0.0004174369724135651
B0038,30,77,44.0,1.777701881971679,88.88509409858395,4.185614061431052,2.7349435129159385,2.164304791761506,3.615401963428833,0.2574330790233709,0.990311695204241,45.34515047350429,49.014180829264426,47.094941474493815,3.6690303557601354,6515.938,6.507817523563908,1.4,1,0,0.00011075155927553482,0,-0.0012816754614370929
B0038,31,79,44.0,1.7789547618270618,88.94773809135309,4.187423443092429,2.7268006092680546,2.103101288221301,3.6125287354843523,0.26533131510248703,0.9886847879265132,45.36159840464037,49.08755174393166,47.0995133510692,3.7259533392912942,6532.015,6.510614087226465,1.4,1,0,0.0012528798553828047,0,-0.0008696942664315089
B0038,32,81,44.0,1.7807753731135043,89.03876865567521,4.189956556608376,2.7298528786198637,2.1449886066523933,3.6160020417093457,0.2595407442060298,0.9902725483840611,45.32533979160533,49.000307836809725,47.07452189489319,3.6749680452043947,6527.922,6.520782896100187,1.4,1,0,0.0018206112864425084,0,0.00023135179556175168
B0038,33,83,44.0,1.778415319026661,88.92076595133305,4.188638643848675,2.72109627356931,2.1205293855533207,3.6145930156040587,0.26163690748531376,0.9902807469221099,45.365121647310644,49.05042538685695,47.12153419194554,3.685303739546306,6519.328,6.510255365600374,1.4,1,0,-0.002360054086843366,0,-0.0006487828817195229
B0038,34,85,44.0,1.7789773899108463,88.94886949554231,4.18985406755735,2.715835595747787,2.1339834463152427,3.616664144234103,0.2583148135069539,0.9919115001416685,45.41868911230955,49.08198729235301,47.15829653400459,3.663298180043462,6510.063,6.513357829984232,1.4,1,0,0.0005620708841853617,0,0.00027725189968856866
B0038,35,89,44.0,1.7792479347236045,88.96239673618022,4.187426609935154,2.6974556314530753,2.1093887147366805,3.616763225911199,0.2572154958946968,0.9933993302020114,45.40774909091807,49.132796873113755,47.161612217353984,3.7250477821956878,6501.718,6.512378929706905,1.4,1,0,0.0002705448127582333,0,0.00030921055038510834
B0038,36,91,44.0,1.7779204573685081,88.8960228684254,4.1891099360693005,2.708233762974499,2.098244904990502,3.6149940792944446,0.26098441628838387,0.9915864068538186,45.416891127180705,49.13552693190528,47.155567707969865,3.7186358047245776,6509.047,6.507502182152589,1.4,1,0,-0.001327477355096418,0,-0.00020686089171073618
B0038,37,93,44.0,1.779227040224144,88.9613520112072,4.188882636184117,2.719906646046518,2.1367946107881166,3.6159145027179576,0.2577400194495304,0.9915566919647099,45.37303438235529,49.04172173314357,47.13225621283967,3.668687350788275,6502.438,6.502306252717859,1.4,1,0,0.001306582855635785,0,-0.00030966657787208086
B0038,38,95,44.0,1.7760634320079352,88.80317160039675,4.188719922113697,2.7092879086208295,2.103206542363035,3.6146610547862235,0.26068538138282954,0.9916693008676862,45.39909362227385,49.09468753497383,47.13346886842004,3.6955939126999766,6502.047,6.500829578678817,1.4,1,0,-0.0031636082162087575,0,-0.0004703774037451591
B0038,39,97,44.0,1.775103937963957,88.75519689819785,4.187919103685645,2.745362962575004,2.1895312972615004,3.6150827947076762,0.25613276700746407,0.9899211411709551,45.397813850195334,49.057064718364046,47.176385542899524,3.659250868168712,6498.86,6.4888196478017,1.4,1,0,-0.0009594940439781041,0,-0.0007746903893778523
B0038,40,101,44.0,1.733064100138742,86.6532050069371,4.182064571336064,2.1594623220347016,2.1594623220347016,3.4389023365216986,0.24283542303503272,1.998396970742944,45.33453649038701,54.42193934195762,50.154407994251926,9.087402851570609,3162.047,6.04332787775135,1.4,1,0,-0.04203983782521514,0,-0.009236766916972528
B0038,41,105,44.0,1.7394892806215223,86.97446403107611,4.186493465177733,2.023065783993831,2.023065783993831,3.437169559941295,0.2530616398087539,1.9984105082586832,45.36603204152242,54.61602412701822,50.1979427615177,9.249992085495798,3173.141,6.062129742995601,1.4,1,0,0.0064251804827804015,1,-0.007686235349397164
B0038,42,107,44.0,1.7378064360392924,86.89032180196462,4.189706586585002,2.0028176202456365,2.0028176202456365,3.4370308930893247,0.255049025101329,1.9986993566870939,45.40187399104793,54.621843575697525,50.18895736512512,9.219969584649597,3169.844,6.056151605326611,1.4,1,0,-0.001682844582229892,0,-0.0082841208369703
B0038,43,109,44.0,1.730028145799833,86.50140728999165,4.188139594837195,2.061244397117138,2.061244397117138,3.437230626486004,0.2509160583326332,1.9982781324264294,45.36085945065003,54.57283441287881,50.178407502665095,9.21197496222878,3156.563,6.029776724264775,1.4,1,0,-0.007778290239459418,0,-0.009207057241620431
B0038,44,111,44.0,1.7290404566542985,86.45202283271493,4.189030830558383,2.030738155835073,2.030738155835073,3.4363115548278413,0.25337076857630053,1.9983559715990522,45.379750609523086,54.65884815489962,50.182509844874,9.279097545376537,3155.047,6.0254192741505905,1.4,1,0,-0.0009876891455344872,0,-0.009212696261931708
B0038,45,113,44.0,1.7286072907068815,86.43036453534407,4.18896901822918,2.1901431826977382,2.1901431826977382,3.4394075704239655,0.24337570908553197,1.998333813768599,45.3694541622979,54.51993729622157,50.173666427799,9.150483133923672,3142.312,6.006317429217882,1.4,1,0,-0.00043316594741704684,0,-0.0008913618863720885
B0038,46,117,44.0,1.52573884649634,76.28694232481699,4.17467236177005,2.11587711023423,2.11587711023423,3.0455602167949416,0.2757935699341979,3.967012008013358,45.3789326962188,69.28796559754325,58.41948951650429,23.90903290132445,1485.047,4.983431968496983,1.4,1,0,-0.2028684442105415,0,-0.04275008682503647
B0038,47,121,44.0,1.5301475534434217,76.50737767217109,4.186501078488458,2.052769819032336,2.052769819032336,3.0241360171924403,0.278166702045521,3.9673854309358183,45.41312547252811,69.86974573152932,58.954810986890266,24.456620259001213,1489.313,4.962487504019987,1.4,1,0,0.004408706947081731,0,-0.04153177651917415
